{
  "checkpoint": "checkpoints/mis_finetune/epoch_49.pt",
  "data_path": "data/difusco_benchmark/datasets/er_700_800/test",
  "n_samples": 32,
  "n_graphs": 499,
  "elapsed_seconds": 2378.933806657791,
  "results": {
    "baseline_greedy": {
      "mean": 0.7400142841024863,
      "std": 0.03724597694187974,
      "min": 0.6444444444444445,
      "max": 0.8666666666666667
    },
    "enhanced_greedy": {
      "mean": 0.8326861864774706,
      "std": 0.03208526210295716,
      "min": 0.7391304347826086,
      "max": 0.9318181818181818
    },
    "multi_threshold": {
      "mean": 0.8326861864774706,
      "std": 0.03208526210295716,
      "min": 0.7391304347826086,
      "max": 0.9318181818181818
    },
    "multisample_greedy": {
      "mean": 0.7591151834399814,
      "std": 0.026280747656105354,
      "min": 0.6956521739130435,
      "max": 0.8666666666666667
    },
    "multisample_enhanced": {
      "mean": 0.8586994615518436,
      "std": 0.02166371970624737,
      "min": 0.8043478260869565,
      "max": 0.9545454545454546
    },
    "multisample_multi_threshold": {
      "mean": 0.8588311258466168,
      "std": 0.021658805450944202,
      "min": 0.8043478260869565,
      "max": 0.9545454545454546
    }
  }
}