{
  "checkpoint": "checkpoints/mis_ft_high/epoch_49.pt",
  "data_path": "data/difusco_benchmark/datasets/er_700_800/test",
  "n_samples": 32,
  "n_graphs": 499,
  "elapsed_seconds": 2367.040262937546,
  "results": {
    "baseline_greedy": {
      "mean": 0.738843774814725,
      "std": 0.039222892975981506,
      "min": 0.6222222222222222,
      "max": 0.8666666666666667
    },
    "enhanced_greedy": {
      "mean": 0.8305587047973592,
      "std": 0.03480792559250173,
      "min": 0.717391304347826,
      "max": 0.9130434782608695
    },
    "multi_threshold": {
      "mean": 0.8305587047973592,
      "std": 0.03480792559250173,
      "min": 0.717391304347826,
      "max": 0.9130434782608695
    },
    "multisample_greedy": {
      "mean": 0.7641781448405949,
      "std": 0.026175579288514675,
      "min": 0.6956521739130435,
      "max": 0.8666666666666667
    },
    "multisample_enhanced": {
      "mean": 0.8621827650710191,
      "std": 0.021817695513513154,
      "min": 0.8043478260869565,
      "max": 0.9318181818181818
    },
    "multisample_multi_threshold": {
      "mean": 0.8621827650710191,
      "std": 0.021817695513513154,
      "min": 0.8043478260869565,
      "max": 0.9318181818181818
    }
  }
}