{
  "checkpoint": "checkpoints/mis_ft_high/epoch_49.pt",
  "data_path": "data/difusco_benchmark/datasets/satlib/test",
  "n_samples": 32,
  "n_graphs": 499,
  "elapsed_seconds": 2974.761533021927,
  "results": {
    "baseline_greedy": {
      "mean": 0.9889164221407138,
      "std": 0.004711583319521824,
      "min": 0.9751861042183623,
      "max": 1.0
    },
    "enhanced_greedy": {
      "mean": 0.9917811018802,
      "std": 0.003847694481306993,
      "min": 0.9776674937965261,
      "max": 1.0
    },
    "multi_threshold": {
      "mean": 0.9917811018802,
      "std": 0.003847694481306993,
      "min": 0.9776674937965261,
      "max": 1.0
    },
    "multisample_greedy": {
      "mean": 0.9902579841529023,
      "std": 0.003989801082683505,
      "min": 0.9751861042183623,
      "max": 1.0
    },
    "multisample_enhanced": {
      "mean": 0.9930457591924674,
      "std": 0.0032682438223773937,
      "min": 0.9801488833746899,
      "max": 1.0
    },
    "multisample_multi_threshold": {
      "mean": 0.9930457591924674,
      "std": 0.0032682438223773937,
      "min": 0.9801488833746899,
      "max": 1.0
    }
  }
}