{
  "checkpoint": "checkpoints/mis_finetune/epoch_49.pt",
  "data_path": "data/difusco_benchmark/datasets/satlib/test",
  "n_samples": 32,
  "n_graphs": 499,
  "elapsed_seconds": 2972.731267929077,
  "results": {
    "baseline_greedy": {
      "mean": 0.9882359616144606,
      "std": 0.0051569459799512,
      "min": 0.967741935483871,
      "max": 1.0
    },
    "enhanced_greedy": {
      "mean": 0.9913607899480747,
      "std": 0.0040503613021326355,
      "min": 0.9773242630385488,
      "max": 1.0
    },
    "multi_threshold": {
      "mean": 0.9913607899480747,
      "std": 0.0040503613021326355,
      "min": 0.9773242630385488,
      "max": 1.0
    },
    "multisample_greedy": {
      "mean": 0.9906500221104785,
      "std": 0.003901773255476571,
      "min": 0.9751861042183623,
      "max": 1.0
    },
    "multisample_enhanced": {
      "mean": 0.9935356519677448,
      "std": 0.0032039964159554396,
      "min": 0.9851116625310173,
      "max": 1.0
    },
    "multisample_multi_threshold": {
      "mean": 0.9935356519677448,
      "std": 0.0032039964159554396,
      "min": 0.9851116625310173,
      "max": 1.0
    }
  }
}