{
  "checkpoint": "checkpoints/cmp_ssl_orig/best.pt",
  "data_path": "data/difusco_benchmark/datasets/er_700_800/test",
  "n_samples": 32,
  "n_graphs": 499,
  "elapsed_seconds": 872.583211183548,
  "avg_opt_size": 45.00801603206413,
  "raw_metrics": {
    "raw_pred_size": 748.2124248496993,
    "raw_approx_ratio": 16.62239825474131,
    "raw_feasibility": 0.0,
    "raw_tp": 45.00801603206413,
    "raw_tn": 0.0,
    "raw_fp": 703.2044088176352,
    "raw_fn": 0.0,
    "raw_precision": 0.06022647481852495,
    "raw_recall": 1.0,
    "raw_f1": 0.11360384920961687
  },
  "results": {
    "baseline_greedy": {
      "mean": 0.7352036322928734,
      "std": 0.036936856152121646,
      "min": 0.6222222222222222,
      "max": 0.8444444444444444,
      "mean_size": 33.08617234468938
    },
    "enhanced_greedy": {
      "mean": 0.8254973275928058,
      "std": 0.033579692948890544,
      "min": 0.7391304347826086,
      "max": 0.9130434782608695,
      "mean_size": 37.1503006012024
    },
    "multi_threshold": {
      "mean": 0.8254973275928058,
      "std": 0.033579692948890544,
      "min": 0.7391304347826086,
      "max": 0.9130434782608695,
      "mean_size": 37.1503006012024
    },
    "multisample_greedy": {
      "mean": 0.7536070186797431,
      "std": 0.025969284687902397,
      "min": 0.6956521739130435,
      "max": 0.8444444444444444,
      "mean_size": 33.91382765531062
    },
    "multisample_enhanced": {
      "mean": 0.8573040872432979,
      "std": 0.02244348519176958,
      "min": 0.8043478260869565,
      "max": 0.9555555555555556,
      "mean_size": 38.5811623246493
    },
    "multisample_multi_threshold": {
      "mean": 0.8575693960779193,
      "std": 0.022348272914603222,
      "min": 0.8043478260869565,
      "max": 0.9555555555555556,
      "mean_size": 38.59318637274549
    }
  }
}