{
  "checkpoint": "checkpoints/cmp_ssl_orig/best.pt",
  "data_path": "data/difusco_benchmark/datasets/satlib/test",
  "n_samples": 32,
  "n_graphs": 499,
  "elapsed_seconds": 729.3999552726746,
  "avg_opt_size": 426.0060120240481,
  "raw_metrics": {
    "raw_pred_size": 1278.0240480961925,
    "raw_approx_ratio": 3.0000144173238565,
    "raw_feasibility": 0.0,
    "raw_tp": 426.0060120240481,
    "raw_tn": 0.0,
    "raw_fp": 852.0180360721442,
    "raw_fn": 0.0,
    "raw_precision": 0.3333317352408165,
    "raw_recall": 1.0,
    "raw_f1": 0.49999820107000353
  },
  "results": {
    "baseline_greedy": {
      "mean": 0.9639918000232344,
      "std": 0.008240897778114589,
      "min": 0.9379652605459057,
      "max": 0.9854014598540146,
      "mean_size": 410.69138276553105
    },
    "enhanced_greedy": {
      "mean": 0.9734903964115315,
      "std": 0.006925016946138606,
      "min": 0.9517241379310345,
      "max": 0.9908045977011494,
      "mean_size": 414.72745490981964
    },
    "multi_threshold": {
      "mean": 0.9734903964115315,
      "std": 0.006925016946138606,
      "min": 0.9517241379310345,
      "max": 0.9908045977011494,
      "mean_size": 414.72745490981964
    },
    "multisample_greedy": {
      "mean": 0.9661570858642669,
      "std": 0.007122734144807704,
      "min": 0.9448275862068966,
      "max": 0.9854014598540146,
      "mean_size": 411.6132264529058
    },
    "multisample_enhanced": {
      "mean": 0.9745476395405998,
      "std": 0.006269013815740974,
      "min": 0.9563218390804598,
      "max": 0.9908045977011494,
      "mean_size": 415.1763527054108
    },
    "multisample_multi_threshold": {
      "mean": 0.9745476395405998,
      "std": 0.006269013815740974,
      "min": 0.9563218390804598,
      "max": 0.9908045977011494,
      "mean_size": 415.1763527054108
    }
  }
}