{
  "checkpoint": "checkpoints/cmp_sup_scratch/best.pt",
  "data_path": "data/difusco_benchmark/datasets/er_700_800/test",
  "n_samples": 32,
  "n_graphs": 499,
  "elapsed_seconds": 892.0121722221375,
  "avg_opt_size": 45.00801603206413,
  "raw_metrics": {
    "raw_pred_size": 748.2124248496993,
    "raw_approx_ratio": 16.62239825474131,
    "raw_feasibility": 0.0,
    "raw_tp": 45.00801603206413,
    "raw_tn": 0.0,
    "raw_fp": 703.2044088176352,
    "raw_fn": 0.0,
    "raw_precision": 0.06022647481852495,
    "raw_recall": 1.0,
    "raw_f1": 0.11360384920961687
  },
  "results": {
    "baseline_greedy": {
      "mean": 0.7378573843135044,
      "std": 0.03990622655222839,
      "min": 0.6222222222222222,
      "max": 0.8666666666666667,
      "mean_size": 33.206412825651306
    },
    "enhanced_greedy": {
      "mean": 0.8314892935840488,
      "std": 0.03576842909521117,
      "min": 0.717391304347826,
      "max": 0.9318181818181818,
      "mean_size": 37.4188376753507
    },
    "multi_threshold": {
      "mean": 0.8314892935840488,
      "std": 0.03576842909521117,
      "min": 0.717391304347826,
      "max": 0.9318181818181818,
      "mean_size": 37.4188376753507
    },
    "multisample_greedy": {
      "mean": 0.7596960034192437,
      "std": 0.025117548671574567,
      "min": 0.6956521739130435,
      "max": 0.8666666666666667,
      "mean_size": 34.188376753507015
    },
    "multisample_enhanced": {
      "mean": 0.8602089035944335,
      "std": 0.02337618144502396,
      "min": 0.8043478260869565,
      "max": 0.9318181818181818,
      "mean_size": 38.71142284569138
    },
    "multisample_multi_threshold": {
      "mean": 0.8602534371059007,
      "std": 0.0233672723239264,
      "min": 0.8043478260869565,
      "max": 0.9318181818181818,
      "mean_size": 38.71342685370742
    }
  }
}