{
  "checkpoint": "checkpoints/cmp_ssl_impr/best.pt",
  "data_path": "data/difusco_benchmark/datasets/er_700_800/test",
  "n_samples": 32,
  "n_graphs": 499,
  "elapsed_seconds": 869.4812350273132,
  "avg_opt_size": 45.00801603206413,
  "raw_metrics": {
    "raw_pred_size": 748.2124248496993,
    "raw_approx_ratio": 16.62239825474131,
    "raw_feasibility": 0.0,
    "raw_tp": 45.00801603206413,
    "raw_tn": 0.0,
    "raw_fp": 703.2044088176352,
    "raw_fn": 0.0,
    "raw_precision": 0.06022647481852495,
    "raw_recall": 1.0,
    "raw_f1": 0.11360384920961687
  },
  "results": {
    "baseline_greedy": {
      "mean": 0.7339192893425899,
      "std": 0.03695673978180514,
      "min": 0.6222222222222222,
      "max": 0.8444444444444444,
      "mean_size": 33.02805611222445
    },
    "enhanced_greedy": {
      "mean": 0.8241890958255771,
      "std": 0.03471046777554378,
      "min": 0.717391304347826,
      "max": 0.9130434782608695,
      "mean_size": 37.09018036072144
    },
    "multi_threshold": {
      "mean": 0.8241890958255771,
      "std": 0.03471046777554378,
      "min": 0.717391304347826,
      "max": 0.9130434782608695,
      "mean_size": 37.09018036072144
    },
    "multisample_greedy": {
      "mean": 0.7558587423011041,
      "std": 0.024853780426703158,
      "min": 0.6956521739130435,
      "max": 0.8444444444444444,
      "mean_size": 34.014028056112224
    },
    "multisample_enhanced": {
      "mean": 0.856966849166288,
      "std": 0.023362730479419908,
      "min": 0.8043478260869565,
      "max": 0.9318181818181818,
      "mean_size": 38.565130260521045
    },
    "multisample_multi_threshold": {
      "mean": 0.8570549480694083,
      "std": 0.023363097959755382,
      "min": 0.8043478260869565,
      "max": 0.9318181818181818,
      "mean_size": 38.569138276553105
    }
  }
}