{
  "checkpoint": "checkpoints/cmp_sup_scratch/best.pt",
  "data_path": "data/difusco_benchmark/datasets/satlib/test",
  "n_samples": 32,
  "n_graphs": 499,
  "elapsed_seconds": 683.2061042785645,
  "avg_opt_size": 426.0060120240481,
  "raw_metrics": {
    "raw_pred_size": 1278.0240480961925,
    "raw_approx_ratio": 3.0000144173238565,
    "raw_feasibility": 0.0,
    "raw_tp": 426.0060120240481,
    "raw_tn": 0.0,
    "raw_fp": 852.0180360721442,
    "raw_fn": 0.0,
    "raw_precision": 0.3333317352408165,
    "raw_recall": 1.0,
    "raw_f1": 0.49999820107000353
  },
  "results": {
    "baseline_greedy": {
      "mean": 0.9944959528429068,
      "std": 0.004018611461010703,
      "min": 0.9801488833746899,
      "max": 1.0,
      "mean_size": 423.6753507014028
    },
    "enhanced_greedy": {
      "mean": 0.995703065851405,
      "std": 0.0032449044499074484,
      "min": 0.9851116625310173,
      "max": 1.0,
      "mean_size": 424.186372745491
    },
    "multi_threshold": {
      "mean": 0.995703065851405,
      "std": 0.0032449044499074484,
      "min": 0.9851116625310173,
      "max": 1.0,
      "mean_size": 424.186372745491
    },
    "multisample_greedy": {
      "mean": 0.9952085983914476,
      "std": 0.003650538448887928,
      "min": 0.9826302729528535,
      "max": 1.0,
      "mean_size": 423.97795591182364
    },
    "multisample_enhanced": {
      "mean": 0.9964092148749465,
      "std": 0.0028754517314602403,
      "min": 0.9851116625310173,
      "max": 1.0,
      "mean_size": 424.4869739478958
    },
    "multisample_multi_threshold": {
      "mean": 0.9964092148749465,
      "std": 0.0028754517314602403,
      "min": 0.9851116625310173,
      "max": 1.0,
      "mean_size": 424.4869739478958
    }
  }
}