{
  "checkpoint": "checkpoints/mis_ssl/epoch_499.pt",
  "data_path": "data/difusco_benchmark/datasets/satlib/train",
  "n_samples": 8,
  "n_graphs": 249,
  "elapsed_seconds": 402.8446834087372,
  "results": {
    "baseline_greedy": {
      "mean": 0.9600214918631442,
      "std": 0.008389035685494402,
      "min": 0.9342403628117913,
      "max": 0.981859410430839
    },
    "enhanced_greedy": {
      "mean": 0.9697656840513984,
      "std": 0.007053589504492682,
      "min": 0.9501133786848073,
      "max": 0.9909297052154195
    },
    "multi_threshold": {
      "mean": 0.9697656840513984,
      "std": 0.007053589504492682,
      "min": 0.9501133786848073,
      "max": 0.9909297052154195
    },
    "multisample_greedy": {
      "mean": 0.9602764800699396,
      "std": 0.00803209753875272,
      "min": 0.9387755102040817,
      "max": 0.981859410430839
    },
    "multisample_enhanced": {
      "mean": 0.9698294311030972,
      "std": 0.006961455864081166,
      "min": 0.9501133786848073,
      "max": 0.9909297052154195
    },
    "multisample_multi_threshold": {
      "mean": 0.9698294311030972,
      "std": 0.006961455864081166,
      "min": 0.9501133786848073,
      "max": 0.9909297052154195
    }
  }
}