{
  "checkpoint": "checkpoints/mis_finetune/epoch_49.pt",
  "data_path": "data/difusco_benchmark/datasets/satlib/test",
  "n_samples": 32,
  "n_graphs": 499,
  "elapsed_seconds": 703.3880596160889,
  "avg_opt_size": 426.0060120240481,
  "raw_metrics": {
    "raw_pred_size": 1278.0240480961925,
    "raw_approx_ratio": 3.0000144173238565,
    "raw_feasibility": 0.0,
    "raw_tp": 426.0060120240481,
    "raw_tn": 0.0,
    "raw_fp": 852.0180360721442,
    "raw_fn": 0.0,
    "raw_precision": 0.3333317352408165,
    "raw_recall": 1.0,
    "raw_f1": 0.49999820107000353
  },
  "results": {
    "baseline_greedy": {
      "mean": 0.9882359616144606,
      "std": 0.0051569459799512,
      "min": 0.967741935483871,
      "max": 1.0,
      "mean_size": 421.01603206412824
    },
    "enhanced_greedy": {
      "mean": 0.9913607899480747,
      "std": 0.0040503613021326355,
      "min": 0.9773242630385488,
      "max": 1.0,
      "mean_size": 422.34068136272543
    },
    "multi_threshold": {
      "mean": 0.9913607899480747,
      "std": 0.0040503613021326355,
      "min": 0.9773242630385488,
      "max": 1.0,
      "mean_size": 422.34068136272543
    },
    "multisample_greedy": {
      "mean": 0.9907726938753959,
      "std": 0.0039057250739660022,
      "min": 0.9776674937965261,
      "max": 1.0,
      "mean_size": 422.0921843687375
    },
    "multisample_enhanced": {
      "mean": 0.9936295063668404,
      "std": 0.003159424391218737,
      "min": 0.9829683698296837,
      "max": 1.0,
      "mean_size": 423.30260521042084
    },
    "multisample_multi_threshold": {
      "mean": 0.9936295063668404,
      "std": 0.003159424391218737,
      "min": 0.9829683698296837,
      "max": 1.0,
      "mean_size": 423.30260521042084
    }
  }
}