{
  "checkpoint": "checkpoints/mis_finetune/epoch_49.pt",
  "data_path": "data/difusco_benchmark/datasets/er_700_800/test",
  "n_samples": 32,
  "n_graphs": 499,
  "elapsed_seconds": 879.7558915615082,
  "avg_opt_size": 45.00801603206413,
  "raw_metrics": {
    "raw_pred_size": 748.2124248496993,
    "raw_approx_ratio": 16.62239825474131,
    "raw_feasibility": 0.0,
    "raw_tp": 45.00801603206413,
    "raw_tn": 0.0,
    "raw_fp": 703.2044088176352,
    "raw_fn": 0.0,
    "raw_precision": 0.06022647481852495,
    "raw_recall": 1.0,
    "raw_f1": 0.11360384920961687
  },
  "results": {
    "baseline_greedy": {
      "mean": 0.7400142841024863,
      "std": 0.03724597694187974,
      "min": 0.6444444444444445,
      "max": 0.8666666666666667,
      "mean_size": 33.30260521042084
    },
    "enhanced_greedy": {
      "mean": 0.8326861864774706,
      "std": 0.03208526210295716,
      "min": 0.7391304347826086,
      "max": 0.9318181818181818,
      "mean_size": 37.47294589178357
    },
    "multi_threshold": {
      "mean": 0.8326861864774706,
      "std": 0.03208526210295716,
      "min": 0.7391304347826086,
      "max": 0.9318181818181818,
      "mean_size": 37.47294589178357
    },
    "multisample_greedy": {
      "mean": 0.758853758320051,
      "std": 0.026673240380694206,
      "min": 0.6808510638297872,
      "max": 0.8666666666666667,
      "mean_size": 34.1503006012024
    },
    "multisample_enhanced": {
      "mean": 0.8591149635216212,
      "std": 0.022124627757860345,
      "min": 0.8043478260869565,
      "max": 0.9318181818181818,
      "mean_size": 38.66332665330661
    },
    "multisample_multi_threshold": {
      "mean": 0.8592486080614695,
      "std": 0.022106120702246088,
      "min": 0.8043478260869565,
      "max": 0.9318181818181818,
      "mean_size": 38.66933867735471
    }
  }
}