{
  "checkpoint": "checkpoints/mis_finetune/epoch_49.pt",
  "data_path": "data/difusco_benchmark/datasets/satlib/train",
  "n_samples": 8,
  "n_graphs": 249,
  "elapsed_seconds": 386.44824862480164,
  "results": {
    "baseline_greedy": {
      "mean": 0.9893815625313044,
      "std": 0.00441969759437562,
      "min": 0.9750566893424036,
      "max": 1.0
    },
    "enhanced_greedy": {
      "mean": 0.9923230336311231,
      "std": 0.0034398102166762804,
      "min": 0.981859410430839,
      "max": 1.0
    },
    "multi_threshold": {
      "mean": 0.9923230336311231,
      "std": 0.0034398102166762804,
      "min": 0.981859410430839,
      "max": 1.0
    },
    "multisample_greedy": {
      "mean": 0.9903377683067874,
      "std": 0.003909192208595718,
      "min": 0.9795918367346939,
      "max": 1.0
    },
    "multisample_enhanced": {
      "mean": 0.993006037756468,
      "std": 0.0031061798148882963,
      "min": 0.9841269841269841,
      "max": 1.0
    },
    "multisample_multi_threshold": {
      "mean": 0.993006037756468,
      "std": 0.0031061798148882963,
      "min": 0.9841269841269841,
      "max": 1.0
    }
  }
}