{
  "checkpoint": "checkpoints/mis_ft_high/epoch_49.pt",
  "data_path": "data/difusco_benchmark/datasets/er_700_800/test",
  "n_samples": 32,
  "n_graphs": 499,
  "elapsed_seconds": 887.1081085205078,
  "avg_opt_size": 45.00801603206413,
  "raw_metrics": {
    "raw_pred_size": 748.2124248496993,
    "raw_approx_ratio": 16.62239825474131,
    "raw_feasibility": 0.0,
    "raw_tp": 45.00801603206413,
    "raw_tn": 0.0,
    "raw_fp": 703.2044088176352,
    "raw_fn": 0.0,
    "raw_precision": 0.06022647481852495,
    "raw_recall": 1.0,
    "raw_f1": 0.11360384920961687
  },
  "results": {
    "baseline_greedy": {
      "mean": 0.738843774814725,
      "std": 0.039222892975981506,
      "min": 0.6222222222222222,
      "max": 0.8666666666666667,
      "mean_size": 33.25050100200401
    },
    "enhanced_greedy": {
      "mean": 0.8305587047973592,
      "std": 0.03480792559250173,
      "min": 0.717391304347826,
      "max": 0.9130434782608695,
      "mean_size": 37.37875751503006
    },
    "multi_threshold": {
      "mean": 0.8305587047973592,
      "std": 0.03480792559250173,
      "min": 0.717391304347826,
      "max": 0.9130434782608695,
      "mean_size": 37.37875751503006
    },
    "multisample_greedy": {
      "mean": 0.7636984826690939,
      "std": 0.026815209716828433,
      "min": 0.6956521739130435,
      "max": 0.8666666666666667,
      "mean_size": 34.3687374749499
    },
    "multisample_enhanced": {
      "mean": 0.8626727715925043,
      "std": 0.022613627770725807,
      "min": 0.7872340425531915,
      "max": 0.9333333333333333,
      "mean_size": 38.82364729458918
    },
    "multisample_multi_threshold": {
      "mean": 0.8627173051039718,
      "std": 0.022643311057608848,
      "min": 0.7872340425531915,
      "max": 0.9333333333333333,
      "mean_size": 38.82565130260521
    }
  }
}